ADD_PRODUIT|/Application|titre_0_7zh4tfs28q|description_1_jh5a43pjzu|prix_2_fnb1inl1or|true|
ADD_PRODUIT|/Application|titre_0_tmi1qdcpfu|description_1_3mxdhla557|prix_2_aw3jjhnyeg|false|
ADD_PRODUIT|/Application|titre_0_9td9uud0t8|description_1_ahged2nuz9|prix_2_gjc7q79bie|true|
ADD_PRODUIT|/Application|titre_0_yn1vihllwv|description_1_6sox569pll|prix_2_fp7wie8qlz|false|
ADD_PRODUIT|/Application|titre_0_tybo3h1bqi|description_1_181s170swe|prix_2_hv5klz8496|true|
ADD_PRODUIT|/Application|titre_0_boqhmkjkzk|description_1_cvnp8037vm|prix_2_x5afvkkiz0|false|
ADD_PRODUIT|/Application|titre_0_v1aiev6hj0|description_1_b0x4utml2y|prix_2_c3z5yisqxb|false|
ADD_PRODUIT|/Application|titre_0_cpkqte3i2j|description_1_wt6nqhy9vu|prix_2_watz19nxx|false|
ADD_PRODUIT|/Application|titre_0_imd5lw314m|description_1_p4ny51nmtt|prix_2_57qezcaf3q|true|
ADD_PRODUIT|/Application|titre_0_jzm0x92ght|description_1_2us73hl1w7|prix_2_oet6svnice|false|
ADD_PRODUIT|/Application|titre_0_fhujzpvph2|description_1_wgw91ixn5a|prix_2_otby6e7r2x|false|
ADD_PRODUIT|/Application|titre_0_8m8mhrh0rg|description_1_zv7pm7lvxf|prix_2_gzhdmlg4dt|true|
ADD_PRODUIT|/Application|titre_0_7wlek2pnye|description_1_le8mf2toeh|prix_2_cigq7hfyl0|true|
ADD_PRODUIT|/Application|titre_0_f5lkve2id2|description_1_lcxo89945z|prix_2_vm28eugo6q|false|
ADD_PRODUIT|/Application|titre_0_a5x8xr1hyw|description_1_gx5bu9opam|prix_2_hklx77tfns|false|
ADD_PRODUIT|/Application|titre_0_njckt117b6|description_1_t5ll8skckh|prix_2_tx598fy10p|true|
ADD_PRODUIT|/Application|titre_0_wrdpargp00|description_1_uw6sexd6e3|prix_2_vp92g4hjov|false|
ADD_PRODUIT|/Application|titre_0_8xtnmx8pfd|description_1_t6nvnaf2if|prix_2_rn5rizkaad|false|
ADD_PRODUIT|/Application|titre_0_bebv5f1hqi|description_1_u9wj65g4eg|prix_2_1cq1ipt265|true|
ADD_PRODUIT|/Application|titre_0_qtp26fw5wu|description_1_9g0jjhvyqq|prix_2_hp36zsx0ju|true|
ADD_PRODUIT|/Application|titre_0_1bvpbhxz6t|description_1_cttmljg0ts|prix_2_2r5qe5ma7q|false|
ADD_PRODUIT|/Application|titre_0_ew19oxrsbp|description_1_kfqmm97660|prix_2_ndtal92sle|true|
ADD_PRODUIT|/Application|titre_0_k2nec93c4b|description_1_dtumw9oz7i|prix_2_avfz8xjp0h|false|
ADD_PRODUIT|/Application|titre_0_ljbnkr8ybd|description_1_zfxdil8bak|prix_2_w8ri8uf3ck|true|
ADD_PRODUIT|/Application|titre_0_a3k9wys7um|description_1_kn465rb8g8|prix_2_vsktlmn5ij|true|
ADD_PRODUIT|/Application|titre_0_z68d11qh55|description_1_1lj7nfg1ui|prix_2_z4ej33xgjj|false|
ADD_PRODUIT|/Application|titre_0_y3q42dctf6|description_1_k1a6931p64|prix_2_pwlixtchog|true|
ADD_PRODUIT|/Application|titre_0_urud14a5bx|description_1_j2p3ltzblr|prix_2_zmdveo8j4o|false|
ADD_PRODUIT|/Application|titre_0_9auteblmxe|description_1_pz5728su44|prix_2_pu0jo9jx70|true|
ADD_PRODUIT|/Application|titre_0_x4yv79wa2m|description_1_4fnel2grvr|prix_2_d3kzb9l5pl|false|
ADD_PRODUIT|/Application|titre_0_440jcwr61n|description_1_lkzakqjm6q|prix_2_i1orbophse|true|
ADD_PRODUIT|/Application|titre_0_3bh87j06e1|description_1_x9xztu8iby|prix_2_y2cl2f53hw|true|
ADD_PRODUIT|/Application|titre_0_sk2exozjcr|description_1_66quhzncjn|prix_2_idar5wmg6h|true|
ADD_PRODUIT|/Application|titre_0_2akyr3ayvl|description_1_wjaqz48js4|prix_2_ugcba3qhms|false|
ADD_PRODUIT|/Application|titre_0_f6349949p7|description_1_f5l9lio9tg|prix_2_56hmxmgcwu|false|
ADD_PRODUIT|/Application|titre_0_x40ippgp0v|description_1_72kac9roe4|prix_2_iq857aahcp|false|
ADD_PRODUIT|/Application|titre_0_i3yik7m30x|description_1_8y2u0ojlzc|prix_2_7zscfhpw0r|true|
ADD_PRODUIT|/Application|titre_0_gincxbo6qh|description_1_k7du2issqi|prix_2_8mklk3vwm2|true|
ADD_PRODUIT|/Application|titre_0_t2g1pwxekm|description_1_qkslbssieg|prix_2_t5r08wy9dn|true|
ADD_PRODUIT|/Application|titre_0_4hd3fb54hf|description_1_bwv8459mtu|prix_2_ugdkprr6bj|false|
ADD_PRODUIT|/Application|titre_0_2m6svkk3pn|description_1_x7pigkxfnf|prix_2_pq0b6c10mi|true|
ADD_PRODUIT|/Application|titre_0_va5nwadtz3|description_1_uzbm2ii6rp|prix_2_cnr5pero6g|true|
ADD_PRODUIT|/Application|titre_0_l7uz70olgh|description_1_3xetiourkd|prix_2_fir6kckbbb|true|
ADD_PRODUIT|/Application|titre_0_tmh2f4iq59|description_1_6iylpi2zhr|prix_2_bbrtics1px|true|
ADD_PRODUIT|/Application|titre_0_ybia2ubzx|description_1_yk2ae08t2a|prix_2_xa9fljlxa8|true|
ADD_PRODUIT|/Application|titre_0_x0qenqz7pd|description_1_mbvxlzfmjj|prix_2_au3rskj8z2|false|
ADD_PRODUIT|/Application|titre_0_tsx1izge7k|description_1_b13xmgnmi9|prix_2_paljrio4ug|true|
ADD_PRODUIT|/Application|titre_0_efjac80b6j|description_1_14ihc3il1q|prix_2_zgjj3mc0w7|false|
ADD_PRODUIT|/Application|titre_0_t9dkpxyigw|description_1_8xg5mnoc7w|prix_2_da2ri1vw1i|true|
ADD_PRODUIT|/Application|titre_0_hct3yhsafg|description_1_2cy7yp3s4m|prix_2_orybiqs3|true|
ADD_PRODUIT|/Application|titre_0_vdvcxdnt7q|description_1_aj3svzx5fc|prix_2_thgr5qfqe1|true|
ADD_PRODUIT|/Application|titre_0_e6sdq1azw1|description_1_h5s67s6cd0|prix_2_5xk95j830p|false|
ADD_PRODUIT|/Application|titre_0_d9pepec88r|description_1_ev0ao792em|prix_2_4voivm0g58|false|
ADD_PRODUIT|/Application|titre_0_swmcb4mfd9|description_1_l0z9h58f0k|prix_2_zcx6bagxu1|true|
ADD_PRODUIT|/Application|titre_0_jk7xjgutdf|description_1_3b94x68mdk|prix_2_bki7zx05zb|true|
ADD_PRODUIT|/Application|titre_0_bgj0dqsg55|description_1_v19s13bgj9|prix_2_dgiiq0s58b|false|
ADD_PRODUIT|/Application|titre_0_c6vs78hlrp|description_1_6bgphm2ilf|prix_2_95h2mrim1t|true|
ADD_PRODUIT|/Application|titre_0_1fonkh2vnw|description_1_dxsq5w45iz|prix_2_ycmn39g0zc|false|
ADD_PRODUIT|/Application|titre_0_nevdu1n7fp|description_1_zoy2f5g3yy|prix_2_y4b1924vcb|false|
ADD_PRODUIT|/Application|titre_0_syme1hwmld|description_1_uohria9t1h|prix_2_d0isur6n24|false|
ADD_PRODUIT|/Application|titre_0_kq6kawg4qp|description_1_h5t96eslpx|prix_2_5amufi1acb|false|
ADD_PRODUIT|/Application|titre_0_yabw5gol0i|description_1_kqg5xpb3ob|prix_2_pi2j76lg2k|true|
ADD_PRODUIT|/Application|titre_0_u4eg39be3g|description_1_6mllxi4y9k|prix_2_soybcqga8b|false|
ADD_PRODUIT|/Application|titre_0_hgd9jd7r4r|description_1_7tra03yha5|prix_2_f0bl49bnoi|true|
ADD_PRODUIT|/Application|titre_0_q92dm4oa8p|description_1_jqigag0ci8|prix_2_b26f9sm0ft|true|
ADD_PRODUIT|/Application|titre_0_6eavbxca67|description_1_3fsqthusqk|prix_2_j07dasct2h|true|
ADD_PRODUIT|/Application|titre_0_2a3az3tlr7|description_1_randq86yz3|prix_2_m4mgsw7bvm|false|
ADD_PRODUIT|/Application|titre_0_8ace6ldyls|description_1_xejgp8hn7f|prix_2_6aiua6l4lo|true|
ADD_PRODUIT|/Application|titre_0_p3y9voeonv|description_1_9cvo0gdu3s|prix_2_fz71rztmr2|true|
ADD_PRODUIT|/Application|titre_0_8voakro0n8|description_1_cfe7qtm6qi|prix_2_9jvypzg3kh|true|
ADD_PRODUIT|/Application|titre_0_z3g1gds1qd|description_1_c6m83n0kj|prix_2_4wbijrbgqk|true|
ADD_PRODUIT|/Application|titre_0_mc6tr7wg11|description_1_xx4gsxjgh7|prix_2_kfqa17cnt2|true|
ADD_PRODUIT|/Application|titre_0_hdro6kmxul|description_1_ct63e11lej|prix_2_1jovizrehk|true|
ADD_PRODUIT|/Application|titre_0_7y4en8h6ms|description_1_sjwwxh477v|prix_2_5ixh9wkkuq|false|
ADD_PRODUIT|/Application|titre_0_8n2itog6hv|description_1_bn9so4h582|prix_2_764cgeut8x|true|
ADD_PRODUIT|/Application|titre_0_6vpbchvrpi|description_1_f062fwmrmh|prix_2_3et1kqw42|false|
ADD_PRODUIT|/Application|titre_0_kjgpfzpgjy|description_1_6lp00s2k7|prix_2_p12jbxc6b1|false|
ADD_PRODUIT|/Application|titre_0_j8dchu7k33|description_1_koykc0vo9b|prix_2_6u5966ybqm|false|
ADD_PRODUIT|/Application|titre_0_oq5ft0bbu|description_1_izs03ekkfg|prix_2_rdhvoayi1r|false|
ADD_PRODUIT|/Application|titre_0_qwia803b0w|description_1_o4rthpttl4|prix_2_36dtav33ki|true|
ADD_PRODUIT|/Application|titre_0_c2uzyiuix7|description_1_xazcba2si4|prix_2_ryqmksjxpq|true|
ADD_PRODUIT|/Application|titre_0_j4zcssdh95|description_1_iseka8vvtl|prix_2_56khmmy87u|true|
ADD_PRODUIT|/Application|titre_0_z60an906xo|description_1_97czhsr0l4|prix_2_orbetjjrxd|false|
ADD_PRODUIT|/Application|titre_0_6dap3yix50|description_1_mwrqnrpy2a|prix_2_wd7ejssvi9|false|
ADD_PRODUIT|/Application|titre_0_dirtle3vzj|description_1_sgpwb6hk6y|prix_2_e269v5g8ij|true|
ADD_PRODUIT|/Application|titre_0_ngcgv46zkn|description_1_zvp4jvxhad|prix_2_1o9qf0afdm|true|
ADD_PRODUIT|/Application|titre_0_xatagweoob|description_1_ynz3fbdut0|prix_2_icluo9g7vv|true|
ADD_PRODUIT|/Application|titre_0_50y72s60un|description_1_dbbhm9st0b|prix_2_2cyj0z0zsa|true|
ADD_PRODUIT|/Application|titre_0_nlhgr07gsx|description_1_9p8pel1abu|prix_2_w8axb8ew2s|true|
ADD_PRODUIT|/Application|titre_0_ctpo0rei6f|description_1_hfrop9itzi|prix_2_77cg0aro0p|true|
ADD_PRODUIT|/Application|titre_0_40983afoua|description_1_6pywr3pf85|prix_2_r9w36h6ue3|false|
ADD_PRODUIT|/Application|titre_0_w9xqyunndz|description_1_akxmlrpwa9|prix_2_pelk21uhig|true|
ADD_PRODUIT|/Application|titre_0_m2q07snckv|description_1_mdsdivlbgr|prix_2_uy5ysumxgt|false|
ADD_PRODUIT|/Application|titre_0_dpdolziwzg|description_1_egmflc86z6|prix_2_ro00pir7y9|true|
ADD_PRODUIT|/Application|titre_0_678fqbfpbt|description_1_2gi9zlne0o|prix_2_bba3wlnyb7|false|
ADD_PRODUIT|/Application|titre_0_a7k684cdzx|description_1_jq4wu9pak8|prix_2_kgntq13lyb|true|
ADD_PRODUIT|/Application|titre_0_fwf68guild|description_1_hc6up9qm3u|prix_2_jw60dlipio|true|
ADD_PRODUIT|/Application|titre_0_c00hyjr89s|description_1_340anee1xr|prix_2_l4mhzfgb9s|false|
ADD_PRODUIT|/Application|titre_0_bakji5p7t9|description_1_4ik1ybnj7j|prix_2_irg2177tij|true|
ADD_PRODUIT|/Application|titre_0_wn53rx8ixt|description_1_xhddj4wx7w|prix_2_9igavik997|true|
